Model,Accuracy,Precision,Recall,F1-score,AUC-ROC,LIME Fidelity,LIME Sparsity,SHAP Fidelity,SHAP Sparsity
Logistic Regression,0.9649122807017544,0.975,0.9285714285714286,0.951219512195122,0.996031746031746,0.16887692023711365,10,12.884493825723492,30
Decision Tree,0.9298245614035088,0.9047619047619048,0.9047619047619048,0.9047619047619048,0.9246031746031745,0.08196305357141331,10,0.6372640010605467,26
SVM,0.9736842105263158,1.0,0.9285714285714286,0.962962962962963,0.9947089947089947,0.18987604848557738,10,0.5409302302975105,30
Neural Network,0.9736842105263158,1.0,0.9285714285714286,0.962962962962963,0.9957010582010583,0.1696676381871084,10,0.6048084213058764,30
XGBoost,0.956140350877193,1.0,0.8809523809523809,0.9367088607594937,0.9933862433862434,0.18322763938536768,10,9.899800842766867,27
