Model,Accuracy,Precision,Recall,F1-score,AUC-ROC,LIME Fidelity,LIME Sparsity,SHAP Fidelity,SHAP Sparsity
Logistic Regression,0.7142857142857143,0.6086956521739131,0.5185185185185185,0.5599999999999999,0.8229629629629629,0.6353914832906675,8,2.5228178200398537,8
Decision Tree,0.7207792207792207,0.6341463414634146,0.48148148148148145,0.5473684210526316,0.6657407407407406,0.2657811071748827,8,0.5714053836899172,16
SVM,0.7532467532467533,0.66,0.6111111111111112,0.6346153846153846,0.7924074074074074,0.5985407221996215,8,0.5504554730983303,8
Neural Network,0.7402597402597403,0.6590909090909091,0.5370370370370371,0.5918367346938775,0.817037037037037,0.5977075429990288,8,0.5537034632034632,8
XGBoost,0.7467532467532467,0.6530612244897959,0.5925925925925926,0.6213592233009709,0.8055555555555556,0.5131719004146589,8,5.988557944114564,8
